NO,Puskesmas,Kelurahan,JUMLAH POSBINDU,BULAN,SASARAN LANSIA,,,,,,,,,,KUNJUNGAN LANSIA,,,,,,,,,,,,,,,,,,,,,,,,,,Jmlh Lansia usia > (60 thn yg di skrining) Kesnya,,,,,KEGIATAN SEHARI-HARI,,,,,,,,,,JUMLAH LANSIA DENGAN KELAINAN,,,,,,,,,,,,,,,,,,,,,,,,,,,,LAIN-LAIN,,Total Penyakit Bulan Ini,,TOTAL PENYAKIT,JUMLAH LANSIA DENGAN KELAINAN,,PENGOBATAN,,,,,,DIRUJUK,KONSELING,,,PENYULUHAN,PEMBERDAYAAN LANSIA,JUMLAH PANTI WREDHADIBINA,JUMLAH KUNJUNGAN RUMAH,PUSKESMAS YANG MELAKSANAKAN LONG TERM CARE,JUMLAH KELOMPOK LANSIA / POSYANDU LANSIA / POSBINDU,,,,,PUSKESMAS DGN POYANDU LANSIA AKTIF,JUMLAH TENAGA,
,,,,,,,,,,,,,,,,,,,,,,,,,,,,,,,,,,,,,,,,,,,,,,,,,,,,,,,,Ggn ME,,IMT,,,,TEK.DARAH,,,,HB KURANG,,ANEMIA,,KOLESTROL TINGGI,,DM,,ASAM URAT TINGGI,,GGN GINAJL,,GGN KOGNITIF,,GGN PENGLIHATAN,,GGN PENDENGARAN,,,,,,,,,DIOBATI,,,TIDAK DIOBATI,,,,B,L,S,,,,,,PRATAMA,MADYA,PURNAMA,MANDIRI,TOTAL,,DOKTER,PERAWAT
,,,,,45-59,,Jumlah,60-69,,Jumlah,70,,Jumlah,Total,45-59,,,,,,Total,%,60-69,,,,,,Total,%,70,,,,,,Total,%,Total 60>,% 60>,,,,,,KEMANDIRIAN,,,,,,,,,,,,L,,K,,T,,R,,,,,,,,,,,,,,,,,,,,,,,,,,,,,,,,,,,,,,,,,,,,,,,,,
,,,,,L,P,,L,P,,L,P,,,L,,P,,Jumlah,,,,L,,P,,Jumlah,,,,L,,P,,Jumlah,,,,,,L,P,TOTAL,T.B.L,% SKRINING,A,,B (RINGAN),,B (SEDANG),,C (BERAT),,C (TOTAL),,L,P,L,P,L,P,L,P,L,P,L,P,L,P,L,P,L,P,L,P,L,P,L,P,L,P,L,P,L,P,,L,P,L,P,JML,L,P,JML,,,,,,,,,,,,,,,,,
,,,,,,,,,,,,,,,B,L,B,L,T.L,T.P,,,B,L,B,L,T.L,T.P,,,B,L,B,L,T.L,T.P,,,,,,,,,,Abs,%,Abs,%,Abs,%,Abs,%,Abs,%,,,,,,,,,,,,,,,,,,,,,,,,,,,,,,,,,,,,,,,,,,,,,,,,,,,,,,,,,,
,,,,,,,,,,,,,,,,,,,,,,,,,,,,,,,,,,,,,,,,,,,,,,,,,,,,,,,,,,,,,,,,,,,,,,,,,,,,,,,,,,,,,,,,,,,,,,,,,,186,,,,,,,,,,,,,,,
,Singgani,BSS Barat,5,JAN , 957 ," 1,050 ", " 2,007 ", 246 , 319 , 565 , 147 , 198 , 345 ,"2,917",24,,26,,24,26,50,2.49,23,,25,,23,25,48,8.50,12,,18,,12,18,30,8.70,78, 8.57 ,35,43,78,48, 8.57 ,77,98.7,1,1.3,,0,,0,,0,,,8,11,2,2,7,10,3,4,,,,,,,4,6,,,,,,,,3,,,,,24,36,60,,,24,36,60,,,0,2,152,,152,5,,,2,,,,,,15,5,,
,,BSS Tengah,2,JAN , 564 , 614 ," 1,178 ", 171 , 176 , 347 , 81 , 154 , 235 ,"1,760",22,,24,,22,24,46,3.90,16,,18,,16,18,34,9.80,10,,13,,10,13,23,9.79,57, 9.79 ,26,31,57,34, 9.79 ,56,98.2,1,1.8,,0,,0,,0,,,6,8,1,2,5,7,2,3,,,,,,,2,3,,,,,,,,2,,,,,16,25,41,,,16,25,41,,,0,,125,,125,2,,,2,,,,,,6,2,,
,,BSS Timur,2,JAN , 581 , 603 ," 1,184 ", 193 , 246 , 439 , 101 , 187 , 288 ,"1,911",22,,23,,22,23,45,3.80,14,,16,,14,16,30,6.83,10,,12,,10,12,22,7.64,52, 7.15 ,24,28,52,30, 7.15 ,51,98.1,1,1.9,,0,,0,,0,,,5,5,1,1,4,6,2,2,,,,,,,2,2,,,,,,,,2,,,,,14,18,32,,,14,18,32,,,0,,119,,119,2,,,1,,,,,,6,2,,
,,,9,JAN ," 2,102 "," 2,267 "," 4,369 ", 610 , 741 ," 1,351 ", 329 , 539 , 868 ," 6,588 ", 68 , - , 73 , - , 68 , 73 , 141 ,3.23, 53 , - , 59 , - , 53 , 59 , 112 ,8.29, 32 , - , 43 , - , 32 , 43 , 75 ,8.64, 187 , 8.43 , 85 , 102 , 187 , 112 , 8.43 , 184 , 98 , 3 , 2 ,, - ,, - ,, - , - , - , 19 , 24 , 4 , 5 , 16 , 23 , 7 , 9 , - , - ,,, - , - , 8 , 11 , - , - , - , - , - , - , - , 7 , - , - , - , - , 54 , 79 , 133 , - , - , 54 , 79 , 133 , - , - , - , 2 , 396 , - , 396 , 9 , - , - , 5 , - , - , - , - , - , - , 9 , - , - 
,Talise ,Talise,3,JAN ," 1,239 "," 1,276 "," 2,515 ", 375 , 449 , 824 , 185 , 218 , 403 ,"3,742",7,,27,,7,27,34,1.35,6,,18,,6,18,24,2.91,4,,8,,4,8,12,2.98,36, 2.93 ,10,26,36,24, 2.93 ,36,100,,0,,0,,0,,0,0,0,8,5,1,0,8,4,0,1,0,0,0,0,0,0,1,2,0,0,0,0,3,5,4,6,3,3,0,0,28,26,54,,,12,42,54,0,0,0,6,54,0,0,0,,0,0,0,,,,,3,3,1,2
,,T. Valangguni,4,JAN , 741 , 732 ," 1,473 ", 189 , 209 , 398 , 60 , 77 , 137 ,"2,008",10,,20,,10,20,30,2.04,8,,15,,8,15,23,5.78,6,,10,,6,10,16,11.68,39, 7.29 ,14,25,39,23, 7.29 ,39,100,,0,,0,,0,,0,0,0,2,5,1,1,2,8,1,0,0,0,0,0,0,0,3,1,0,0,0,0,1,2,6,0,0,0,0,0,16,17,33,,,10,20,30,4,5,9,0,30,0,0,0,,0,0,0,,,,,4,4,1,2
,,Tondo,6,JAN ," 1,642 "," 1,771 "," 3,413 ", 527 , 484 ," 1,011 ", 160 , 182 , 342 ,"4,766",15,,70,,15,70,85,2.49,17,,21,,17,21,38,3.76,10,,13,,10,13,23,6.73,61, 4.51 ,27,34,61,38, 4.51 ,61,100,,0,,0,,0,,0,0,0,17,33,2,4,11,23,0,1,0,0,0,0,0,0,8,10,0,0,0,0,1,7,9,20,1,4,0,0,49,102,151,,,15,32,47,12,2,14,1,5,0,0,0,,0,0,0,,,,,6,6,1,2
,,Layana indah,4,JAN , 367 , 390 , 757 , 118 , 117 , 235 , 45 , 55 , 100 ,"1,092",7,,50,,7,50,57,7.53,8,,30,,8,30,38,16.17,8,,12,,8,12,20,20.00,58, 17.31 ,16,42,58,38, 17.31 ,58,100,,0,,0,,0,,0,0,0,2,13,1,6,10,24,0,2,0,0,0,0,0,0,2,4,0,0,0,0,5,16,5,13,3,0,0,0,28,78,106,,,12,20,32,3,22,25,1,2,0,0,0,,0,0,0,,,,,4,4,1,2
,,,17,JAN ," 3,989 "," 4,169 "," 8,158 "," 1,209 "," 1,259 "," 2,468 ", 450 , 532 , 982 ," 11,608 ", 39 , - , 167 , - , 39 , 167 , 206 ,2.53, 39 , - , 84 , - , 39 , 84 , 123 ,4.98, 28 , - , 43 , - , 28 , 43 , 71 ,7.23, 194 , 5.62 , 67 , 127 , 194 , 123 , 5.62 , 194 , 100 , - , - ,, - ,, - ,, - , - , - , 29 , 56 , 5 , 11 , 31 , 59 , 1 , 4 , - , - ,,, - , - , 14 , 17 , - , - , - , - , 10 , 30 , 24 , 39 , 7 , 7 , - , - , 121 , 223 , 344 , - , - , 49 , 114 , 163 , 19 , 29 , 48 , 8 , 91 , - , - , - , - , - , - , - , - , - , - , - , - , 17 , 4 , 8 
,Birobuli,Lolu Utara,3,JAN , 832 , 859 ," 1,691 ", 249 , 334 , 583 , 155 , 235 , 390 ,"2,664",140,,153,,140,153,293,17.33,58,,61,,58,61,119,20.41,19,,21,,19,21,40,10.26,159, 16.34 ,77,82,159,119, 16.34 ,156,98.1,3,1.9,,0,,0,,0,0,0,2,3,1,1,4,5,0,0,0,0,0,0,4,5,2,3,2,2,0,0,0,0,0,0,2,3,3,4,20,26,46,,,,,0,20,26,46,0,20,26,46,46,,,4,1,3,0,0,0,3,3,,
,,Lolu Selatan,4,JAN , 942 ," 1,002 "," 1,944 ", 314 , 399 , 713 , 165 , 226 , 391 ,"3,048",78,,83,,78,83,161,8.28,26,,33,,26,33,59,8.27,13,,18,,13,18,31,7.93,90, 8.15 ,39,51,90,59, 8.15 ,90,100.0,0,0.0,,0,,0,,0,0,0,1,2,0,0,1,2,0,0,0,0,0,0,1,2,1,2,1,1,0,0,0,0,0,0,1,2,2,2,8,13,21,,,,,0,8,13,21,0,8,13,21,21,,,3,1,4,0,0,0,4,4,,
,,Birobuli utara,3,JAN ," 1,673 "," 1,828 "," 3,501 ", 702 , 739 ," 1,441 ", 229 , 254 , 483 ,"5,425",69,,71,,69,71,140,4.00,20,,21,,20,21,41,2.85,21,,21,,21,21,42,8.70,83, 4.31 ,41,42,83,41, 4.31 ,83,100.0,0,0.0,,0,,0,,0,0,0,1,1,0,0,1,1,0,0,0,0,0,0,1,1,1,1,1,1,0,0,0,0,0,0,1,1,1,1,7,7,14,,,,,0,7,7,14,0,7,7,14,14,,,3,1,3,0,0,0,3,3,,
,,,10,JAN ," 3,447 "," 3,689 "," 7,136 "," 1,265 "," 1,472 "," 2,737 ", 549 , 715 ," 1,264 "," 11,137 ", 287 , - , 307 , - , 287 , 307 , 594 ,8.32, 104 , - , 115 , - , 104 , 115 , 219 ,8.00, 53 , - , 60 , - , 53 , 60 , 113 ,8.94, 332 , 8.30 , 157 , 175 , 332 , 219 , 8.30 , 329 , 99 , 3 , 1 ,, - ,, - ,, - , - , - , 4 , 6 , 1 , 1 , 6 , 8 , - , - , - , - ,,, 6 , 8 , 4 , 6 , 4 , 4 , - , - , - , - , - , - , 4 , 6 , 6 , 7 , 35 , 46 , 81 , - , - , - , - , - , 35 , 46 , 81 , - , 35 , 46 , 81 , 81 , - , - , 10 , 3 , 10 , - , - , - , 10 , 10 , - , - 
,Kawatuna,Kawatuna,1,JAN , 548 , 513 ," 1,061 ", 162 , 153 , 315 , 50 , 76 , 126 ,"1,502",5,,4,,5,4,9,0.85,14,,13,,14,13,27,8.57,4,,6,,4,6,10,7.94,37, 8.39 ,18,19,37,27, 8.39 ,37,100,,0,,0,,0,,0,,,,,,,6,18,,,,,,,4,8,5,7,6,7,,,,,2,3,1,2,,,24,45,69,,,,,0,,,0,,37,,37,1,,,,,,1,,,1,1,,
,,Tanamodindi,5,JAN ," 1,087 "," 1,150 "," 2,237 ", 396 , 469 , 865 , 185 , 200 , 385 ,"3,487",8,,10,,8,10,18,0.80,32,,38,,32,38,70,8.09,18,,16,,18,16,34,8.83,104, 8.32 ,50,54,104,70, 8.32 ,104,100,,0,,0,,0,,0,,,,,,,10,15,,,,,,,10,12,3,4,10,9,,,,,4,6,3,3,,,40,49,89,,,,,0,,,0,,104,,104,3,,,,,,5,,,5,5,,
,,lasoani,2,JAN ," 1,051 "," 1,180 "," 2,231 ", 349 , 356 , 705 , 100 , 140 , 240 ,"3,176",5,,7,,5,7,12,0.54,29,,31,,29,31,60,8.51,7,,12,,7,12,19,7.92,79, 8.36 ,36,43,79,60, 8.36 ,79,100,,0,,0,,0,,0,,,,,,,8,8,,,,,,,5,6,2,3,4,6,,,,,3,4,2,3,,,24,30,54,,,,,0,,,0,,79,,79,2,,,,,,2,,,2,2,,
,,poboya,2,JAN , 363 , 325 , 688 , 89 , 75 , 164 , 35 , 41 , 76 ,928,4,,3,,4,3,7,1.02,7,,7,,7,7,14,8.54,3,,3,,3,3,6,7.89,20, 8.33 ,10,10,20,14, 8.33 ,20,100,,0,,0,,0,,0,,,,,,,3,5,,,,,,,2,1,1,1,1,2,,,,,2,1,1,1,,,10,11,21,,,,,0,,,0,,20,,20,1,,,,,,2,,,2,2,,
,,,10,JAN ," 3,049 "," 3,168 "," 6,217 ", 996 ," 1,053 "," 2,049 ", 370 , 457 , 827 ," 9,093 ", 22 , - , 24 , - , 22 , 24 , 46 ,0.74, 82 , - , 89 , - , 82 , 89 , 171 ,8.35, 32 , - , 37 , - , 32 , 37 , 69 ,8.34, 240 , 8.34 , 114 , 126 , 240 , 171 , 8.34 , 240 , 100 , - , - ,, - ,, - ,, - , - , - , - , - , - , - , 27 , 46 , - , - , - , - ,,, 21 , 27 , 11 , 15 , 21 , 24 , - , - , - , - , 11 , 14 , 7 , 9 , - , - , 98 , 135 , 233 , - , - , - , - , - , - , - , - , - , 240 , - , 240 , 7 , - , - , - , - , - , 10 , - , - , 10 , 10 , - , - 
,Mabelopura,Tatura Utara,4,JAN ," 1,446 "," 1,598 "," 3,044 ", 528 , 614 ," 1,142 ", 252 , 281 , 533 ,"4,719",11,,17,,11,17,28,0.92,18,,35,,18,35,53,4.64,27,,49,,27,49,76,14.26,129, 7.70 ,45,84,129,53, 7.70 ,129,100,,0,,0,,0,,0,,,,,,,17,24,,,,,,,,,13,34,,,,,,,,,,,16,25,46,83,129,,,46,83,129,,,0,,,,,,,,,,4,,,,4,,,1
,,Tatura Selatan,5,JAN , 868 , 914 ," 1,782 ", 356 , 390 , 746 , 150 , 175 , 325 ,"2,853",13,,20,,13,20,33,1.85,22,,54,,22,54,76,10.19,30,,61,,30,61,91,28.00,167, 15.59 ,52,115,167,76, 15.59 ,167,100,,0,,0,,0,,0,,,,,,,13,31,,,,,,,,,15,42,,,,,,,,,,,17,22,45,95,140,,,45,95,140,,,0,,,,,,,,,,5,,,,5,,,1
,,,9,JAN ," 2,314 "," 2,512 "," 4,826 ", 884 ," 1,004 "," 1,888 ", 402 , 456 , 858 ," 7,572 ", 24 , - , 37 , - , 24 , 37 , 61 ,1.26, 40 , - , 89 , - , 40 , 89 , 129 ,6.83, 57 , - , 110 , - , 57 , 110 , 167 ,19.46, 296 , 10.78 , 97 , 199 , 296 , 129 , 10.78 , 296 , 100 , - , - ,, - ,, - ,, - , - , - , - , - , - , - , 30 , 55 , - , - , - , - ,,, - , - , 28 , 76 , - , - , - , - , - , - , - , - , - , - , 33 , 47 , 91 , 178 , 269 , - , - , 91 , 178 , 269 , - , - , - , - , - , - , - , - , - , - , - , - , 9 , - , - , - , 9 , - , - , 2 
,Bulili,Birobuli Selatan,4,JAN ," 1,062 "," 1,195 "," 2,257 ", 392 , 399 , 791 , 165 , 190 , 355 ,"3,403",11,,18,,11,18,29,1.28,42,,50,,42,50,92,11.63,4,,7,,4,7,11,3.10,103, 8.99 ,46,57,103,92, 8.99 ,103,100,,0,,0,,0,,0,,,,,,,,,,,,,,,,,4,8,,,,,,,2,4,1,,4,3,11,15,26,,,6,11,17,51,39,90,,,,,,,,,,,,,,0,,,
,,Petobo,2,JAN ," 1,022 "," 1,076 "," 2,098 ", 325 , 392 , 717 , 104 , 106 , 210 ,"3,025",8,,7,,8,7,15,0.71,27,,31,,27,31,58,8.09,2,,4,,2,4,6,2.86,64, 6.90 ,29,35,64,58, 6.90 ,64,100,,0,,0,,0,,0,,,,,,,,,,,,,,,,,2,6,,,,,,,1,,,1,4,2,7,9,16,,,9,17,26,28,14,42,,,,,,,,,,,,,,0,,,
,,,6,JAN ," 2,084 "," 2,271 "," 4,355 ", 717 , 791 ," 1,508 ", 269 , 296 , 565 ," 6,428 ", 19 , - , 25 , - , 19 , 25 , 44 ,1.01, 69 , - , 81 , - , 69 , 81 , 150 ,9.95, 6 , - , 11 , - , 6 , 11 , 17 ,3.01, 167 , 8.06 , 75 , 92 , 167 , 150 , 8.06 , 167 , 100.00 , - , - ,, - ,, - ,, - , - , - , - , - , - , - , - , - , - , - , - , - ,,, - , - , 6 , 14 , - , - , - , - , - , - , 3 , 4 , 1 , 1 , 8 , 5 , 18 , 24 , 42 , - , - , 15 , 28 , 43 , 79 , 53 , 132 , - , - , - , - , - , - , - , - , - , - , - , - , - , - , - , - , - 
,Kamonji,Baru,4,JAN , 444 , 434 , 878 , 135 , 207 , 342 , 89 , 105 , 194 ,"1,414",46,,64,,46,64,110,12.53,25,,31,,25,31,56,16.37,17,,19,,17,19,36,18.56,92, 17.16 ,42,50,92,56, 17.16 ,92, 100.00 ,,0,,0,,0,,0,,,,,,,6,3,1,0,,,,,5,3,2,4,5,1,,,,,3,1,1,0,,,23,12,35,,,15,8,23,4,2,6,6,,,,4,,4,,,,4,,,4,,1,2
,,Ujuna,4,JAN , 701 , 707 ," 1,408 ", 247 , 270 , 517 , 136 , 176 , 312 ,"2,237",53,,67,,53,67,120,8.52,27,,29,,27,29,56,10.83,18,,24,,18,24,42,13.46,98, 11.82 ,45,53,98,56, 11.82 ,98, 100.00 ,,0,,0,,0,,0,,,,,,,11,7,0,3,,,,,8,7,5,3,9,5,,,,,2,4,3,1,,,38,30,68,,,30,21,51,4,5,9,9,,,,4,,6,,,,4,,,4,,1,2
,,Kamonji,4,JAN , 652 , 678 ," 1,330 ", 225 , 259 , 484 , 113 , 122 , 235 ,"2,049",57,,61,,57,61,118,8.87,21,,27,,21,27,48,9.92,19,,28,,19,28,47,20.00,95, 13.21 ,40,55,95,48, 13.21 ,95, 100.00 ,,0,,0,,0,,0,,,,,,,5,6,1,2,,,,,4,6,2,5,7,4,,,,,5,2,0,0,,,24,25,49,,,18,14,32,3,5,8,9,,,,4,1,3,,,,4,,,4,,1,2
,,Siranindi,4,JAN , 471 , 498 , 969 , 142 , 173 , 315 , 66 , 139 , 205 ,"1,489",57,,64,,57,64,121,12.49,22,,26,,22,26,48,15.24,21,,30,,21,30,51,24.88,99, 19.04 ,43,56,99,48, 19.04 ,99, 100.00 ,,0,,0,,0,,0,,,,,,,7,8,0,4,,,,,5,2,0,3,5,2,,,,,3,0,1,0,,,21,19,40,,,15,15,30,2,1,3,7,,,,4,,5,,,,4,,,4,,1,2
,,,16,JAN ," 2,268 "," 2,317 "," 4,585 ", 749 , 909 ," 1,658 ", 404 , 542 , 946 ," 7,189 ", 213 , - , 256 , - , 213 , 256 , 469 ,10.23, 95 , - , 113 , - , 95 , 113 , 208 ,12.55, 75 , - , 101 , - , 75 , 101 , 176 ,18.60, 384 , 14.75 , 170 , 214 , 384 , 208 , 14.75 , 384 , 100.00 , - , - ,, - ,, - ,, - , - , - , - , - , - , - , 29 , 24 , 2 , 9 , - , - ,,, 22 , 18 , 9 , 15 , 26 , 12 , - , - , - , - , 13 , 7 , 5 , 1 , - , - , 106 , 86 , 192 , - , - , 78 , 58 , 136 , 13 , 13 , 26 , 31 , - , - , - , 16 , 1 , 18 , - , - , - , 16 , - , - , 16 , - , 4 , 8 
,Lere,Silae,2,JAN , 561 , 574 ," 1,135 ", 177 , 195 , 372 , 60 , 67 , 127 ,"2,670",66,,72,,66,72,138,8.08,22,,28,,22,28,50,13.44,12,,14,,12,14,26,8.41,76, 7.89 ,34,42,76,50, 15.23 ,76, 100.00 ,,0,,0,,0,,0,,,,,,,16,18,,,,,,,14,3,3,7,4,5,,,,,5,3,2,1,,,44,37,81,,,34,35,69,,,0,6,,,,16,,,2,,,2,,,6,2,4,13
,,kabonena,3,JAN , 630 , 686 ," 1,316 ", 187 , 165 , 352 , 69 , 89 , 158 ,"1,826",55,,57,,55,57,112,8.51,16,,14,,16,14,30,8.52,7,,7,,7,7,14,8.86,44, 8.63 ,23,21,44,30, 8.63 ,44, 100.00 ,,0,,0,,0,,0,,,,,,,5,6,,,,,,,6,1,2,5,2,3,,,,,3,1,1,1,,,19,17,36,,,17,19,36,,,0,3,,,,12,,,6,,,3,,,9,3,,
,,Lere,2,JAN , 822 , 885 ," 1,707 ", 290 , 364 , 654 , 141 , 168 , 309 ,"1,634",47,,48,,47,48,95,8.37,15,,17,,15,17,32,4.89,5,,6,,5,6,11,8.66,43, 8.62 ,20,23,43,32, 4.47 ,43, 100.00 ,,0,,0,,0,,0,,,,,,,3,4,,,,,,,5,0,1,4,1,1,,,,,1,0,1,0,,,12,9,21,,,13,12,25,,,0,2,,,,5,,,2,,,2,,,6,2,,
,,,7,JAN ," 2,013 "," 2,145 "," 4,158 ", 654 , 724 ," 1,378 ", 270 , 324 , 594 ," 6,130 ", 168 , - , 177 , - , 168 , 177 , 345 ,8.30, 53 , - , 59 , - , 53 , 59 , 112 ,8.13, 24 , - , 27 , - , 24 , 27 , 51 ,8.59, 163 , 8.27 , 77 , 86 , 163 , 112 , 8.27 , 163 , 100.00 , - , - ,, - ,, - ,, - , - , - , - , - , - , - , 24 , 28 , - , - , - , - ,,, 25 , 4 , 6 , 16 , 7 , 9 , - , - , - , - , 9 , 4 , 4 , 2 , - , - , 75 , 63 , 138 , - , - , 64 , 66 , 130 , - , - , - , 11 , - , - , - , 33 , - , - , 10 , - , - , 7 , - , - , 7 , 7 , 4 , 13 
,Sangurara,Nunu,3,JAN , 838 , 862 ," 1,700 ", 258 , 256 , 514 , 102 , 122 , 224 ,"2,438",29,,30,,29,30,59,3.47,15,,18,,15,18,33,6.42,12,,14,,12,14,26,11.61,59, 7.99 ,27,32,59,33, 7.99 ,59, 100.00 ,0,0.0,1,1.7,,0,,0,0,0,1,11,0,1,15,10,0,1,0,0,0,0,1,1,3,10,0,0,0,0,0,0,1,9,0,0,0,0,21,43,64,1,12,19,23,42,9,10,19,2,147,0,0,1,,0,0,0,0,3,0,0,3,3,0,0
,,Boyaoge,2,JAN , 742 , 741 ," 1,483 ", 242 , 230 , 472 , 105 , 144 , 249 ,"2,204",12,,19,,12,19,31,2.09,14,,21,,14,21,35,7.42,9,,11,,9,11,20,8.03,55, 7.63 ,23,32,55,35, 7.63 ,55, 100.00 ,0,0.0,0,0.0,,0,,0,0,0,0,9,0,2,10,8,2,0,0,0,0,0,0,2,2,1,0,1,0,0,0,0,1,6,0,1,0,0,15,30,45,0,11,15,21,36,5,9,14,1,98,0,0,1,,0,0,0,0,2,0,0,2,2,0,0
,,Duyu,3,JAN ," 1,025 "," 1,067 "," 2,092 ", 297 , 251 , 548 , 112 , 127 , 239 ,"2,879",25,,29,,25,29,54,2.58,18,,22,,18,22,40,7.30,8,,12,,8,12,20,8.37,60, 7.62 ,26,34,60,40, 7.62 ,59, 98.33 ,1,1.7,0,0.0,,0,,0,0,0,1,8,2,0,12,11,1,1,0,0,0,1,2,0,2,8,0,0,0,0,1,0,0,3,0,0,0,0,21,31,52,2,8,25,28,53,7,8,15,0,139,0,0,1,,0,0,0,0,3,0,0,3,3,0,0
,,Donggala Kodi,2,JAN , 859 , 927 ," 1,786 ", 275 , 311 , 586 , 132 , 143 , 275 ,"2,647",15,,23,,15,23,38,2.13,15,,24,,15,24,39,6.66,8,,11,,8,11,19,6.91,58, 6.74 ,23,35,58,39, 6.74 ,58, 100.00 ,0,0.0,0,0.0,,0,,0,0,1,1,12,1,1,11,9,3,0,0,0,0,0,0,1,2,6,1,0,0,0,0,0,2,6,1,0,0,0,22,36,58,2,13,29,25,54,6,5,11,3,111,0,0,1,,0,0,0,0,2,0,0,2,2,0,0
,,Balaroa,4,JAN , 910 , 919 ," 1,829 ", 268 , 318 , 586 , 140 , 147 , 287 ,"2,702",26,,45,,26,45,71,3.88,23,,29,,23,29,52,8.87,15,,20,,15,20,35,12.20,87, 9.97 ,38,49,87,52, 9.97 ,87, 100.00 ,0,0.0,0,0.0,,0,,0,0,0,0,14,2,0,15,10,1,2,0,0,0,1,1,0,2,7,0,1,0,0,0,0,1,8,1,0,0,0,23,42,65,2,13,33,30,63,12,15,27,5,184,0,0,1,,0,0,0,0,4,0,0,4,4,0,0
,,,14,JAN ," 4,374 "," 4,516 "," 8,890 "," 1,340 "," 1,366 "," 2,706 ", 591 , 683 ," 1,274 "," 12,870 ", 107 , - , 146 , - , 107 , 146 , 253 ,2.85, 85 , - , 114 , - , 85 , 114 , 199 ,7.35, 52 , - , 68 , - , 52 , 68 , 120 ,9.42, 319 , 8.02 , 137 , 182 , 319 , 199 , 8.02 , 318 , 99.69 , 1 , 0 ,, - ,, - ,, - , - , 1 , 3 , 54 , 5 , 4 , 63 , 48 , 7 , 4 , - , - ,,, 4 , 4 , 11 , 32 , 1 , 2 , - , - , 1 , - , 5 , 32 , 2 , 1 , - , - , 102 , 182 , 284 , 7 , 57 , 121 , 127 , 248 , 39 , 47 , 86 , 11 , 679 , - , - , 5 , - , - , - , - , - , 14 , - , - , 14 , 14 , - , - 
,Tipo,Tipo,4,JAN , 385 , 338 , 723 , 100 , 118 , 218 , 40 , 55 , 95 ,"1,036",32,,64,,32,64,96,13.28,19,,29,,19,29,48,22.02,6,,6,,6,6,12,12.63,60, 19.17 ,25,35,60,48, 19.17 ,59, 98.33 ,1,1.7,,0,,0,,0,,,3,26,2,4,7,33,,,,,,,,19,1,14,,,,,,,,,,,,,13,96,109,,,13,96,109,44,3,47,,156,,156,4,,,,,,,,,12,4,1,3
,,Buluri,3,JAN , 296 , 288 , 584 , 71 , 59 , 130 , 26 , 39 , 65 ,779,9,,28,,9,28,37,6.34,19,,29,,19,29,48,36.92,6,,6,,6,6,12,18.46,60, 30.77 ,25,35,60,48, 30.77 ,53, 88.33 ,7,11.7,,0,,0,,0,,,4,21,1,2,9,23,,,,,,,11,7,1,8,3,2,,,,,,,,,,,29,63,92,,,29,63,92,5,0,5,,97,,97,3,,,,,,,,,9,3,1,3
,,Watusampu,4,JAN , 227 , 234 , 461 , 52 , 75 , 127 , 23 , 28 , 51 ,639,11,,35,,11,35,46,9.98,7,,27,,7,27,34,26.77,3,,9,,3,9,12,23.53,46, 25.84 ,10,36,46,34, 25.84 ,41, 89.13 ,5,10.9,,0,,0,,0,,,2,10,2,4,4,24,,,,,,,6,20,2,5,,,,,,,,,,,,,16,63,79,,,16,63,79,5,8,13,,92,,92,4,,,,,,,,,12,4,1,3
,,,11,JAN , 908 , 860 ," 1,768 ", 223 , 252 , 475 , 89 , 122 , 211 ," 2,454 ", 52 , - , 127 , - , 52 , 127 , 179 ,10.12, 45 , - , 85 , - , 45 , 85 , 130 ,27.37, 15 , - , 21 , - , 15 , 21 , 36 ,17.06, 166 , 24.20 , 60 , 106 , 166 , 130 , 24.20 , 153 , 92.17 , 13 , 8 ,, - ,, - ,, - , - , - , 9 , 57 , 5 , 10 , 20 , 80 , - , - , - , - ,,, 17 , 46 , 4 , 27 , 3 , 2 , - , - , - , - , - , - , - , - , - , - , 58 , 222 , 280 , - , - , 58 , 222 , 280 , 54 , 11 , 65 , - , 345 , - , 345 , 11 , - , - , - , - , - , - , - , - , - , 11 , 3 , 9 
,Mamboro,Mamboro,3,JAN , 606 , 646 ," 1,252 ", 206 , 213 , 419 , 82 , 91 , 173 ,"1,844",2,,7,,2,7,9,0.72,8,,7,,8,7,15,3.58,7,,10,,7,10,17,9.83,32, 5.41 ,15,17,32,15, 5.41 ,27, 84.38 ,5,15.625,,0,,0,,0,0,0,1,1,0,1,11,8,5,0,0,0,,,0,0,2,5,0,3,0,0,0,0,7,5,9,10,6,5,41,38,79,,,15,15,30,,,0,,30,,,3,,,,,,,,,0,,,
,,Mamboro Barat,3,JAN , 307 , 329 , 636 , 101 , 105 , 206 , 42 , 39 , 81 ,923,2,,9,,2,9,11,1.73,7,,5,,7,5,12,5.83,5,,5,,5,5,10,12.35,22, 7.67 ,12,10,22,12, 7.67 ,17, 77.27 ,5,22.72727273,,0,,0,,0,0,0,0,1,0,0,9,9,0,4,0,0,,,0,0,1,3,0,2,0,0,0,0,5,3,5,7,5,8,25,37,62,,,10,12,22,,,0,,25,,,3,,,,,,,,,0,,,
,,Taipa,5,JAN , 493 , 556 ," 1,049 ", 171 , 154 , 325 , 38 , 77 , 115 ,"1,489",3,,15,,3,15,18,1.72,10,,13,,10,13,23,7.08,15,,12,,15,12,27,23.48,50, 11.36 ,25,25,50,23, 11.36 ,43, 86.00 ,7,14,,0,,0,,0,0,0,0,2,0,2,2,13,0,0,0,0,,,0,0,3,6,0,5,0,0,0,0,10,7,15,20,6,10,36,65,101,,,25,20,45,,,0,,40,,,3,,,,,,,,,0,,,
,,,11,JAN ," 1,406 "," 1,531 "," 2,937 ", 478 , 472 , 950 , 162 , 207 , 369 ," 4,256 ", 7 , - , 31 , - , 7 , 31 , 38 ,1.29, 25 , - , 25 , - , 25 , 25 , 50 ,5.26, 27 , - , 27 , - , 27 , 27 , 54 ,14.63, 104 , 7.88 , 52 , 52 , 104 , 50 , 7.88 , 87 , 83.65 , 17 , 16 ,, - ,, - ,, - , - , - , 1 , 4 , - , 3 , 22 , 30 , 5 , 4 , - , - ,,, - , - , 6 , 14 , - , 10 , - , - , - , - , 22 , 15 , 29 , 37 , 17 , 23 , 102 , 140 , 242 , - , - , 50 , 47 , 97 , - , - , - , - , 95 , - , - , 9 , - , - , - , - , - , - , - , - , - , - , - , - 
,Tawaeli,Lambara,3,JAN , 344 , 333 , 677 , 99 , 105 , 204 , 58 , 85 , 143 ,"1,024",24,,26,,24,26,50,7.39,6,,7,,6,7,13,6.37,6,,8,,6,8,14,9.79,27, 7.78 ,12,15,27,13, 7.78 ,27, 100.00 ,0,0.0,0,0.0,,0,,0,0,0,0,0,0,0,5,5,0,0,0,0,0,0,0,0,0,1,0,0,0,0,0,0,0,1,0,0,0,0,5,7,12,0,0,5,7,12,,,0,,12,15,27,27,,0,1,0,0,3,0,0,3,3,0,0
,,Panau,4,JAN , 408 , 405 , 813 , 125 , 136 , 261 , 57 , 88 , 145 ,"1,219",28,,28,,28,28,56,6.89,6,,9,,6,9,15,5.75,8,,5,,8,5,13,8.97,28, 6.90 ,14,14,28,15, 6.90 ,27, 96.43 ,1,3.6,1,3.6,,0,,0,0,0,0,0,0,0,5,6,0,0,0,0,0,0,0,0,0,1,0,0,0,0,0,0,0,0,0,1,0,0,5,8,13,0,0,5,8,13,,,0,,14,14,28,28,,0,2,0,0,4,0,0,4,4,0,0
,,Kayu Malue Ngapa,3,JAN , 383 , 419 , 802 , 123 , 111 , 234 , 63 , 66 , 129 ,"1,165",26,,29,,26,29,55,6.86,9,,9,,9,9,18,7.69,6,,5,,6,5,11,8.53,29, 7.99 ,15,14,29,18, 7.99 ,28, 96.55 ,1,3.4,0,0.0,,0,,0,0,0,0,0,0,0,7,9,0,0,0,0,0,0,0,0,1,2,0,0,0,0,0,0,0,0,0,1,0,0,8,12,20,0,0,8,12,20,,,0,,15,14,29,29,,0,2,0,0,3,0,0,3,3,0,0
,,Kayu Malue Pajeko,3,JAN , 318 , 337 , 655 , 103 , 97 , 200 , 44 , 40 , 84 ,939,23,,25,,23,25,48,7.33,7,,7,,7,7,14,7.00,5,,4,,5,4,9,10.71,23, 8.10 ,12,11,23,14, 8.10 ,23, 100.00 ,0,0.0,0,0.0,,0,,0,0,0,0,0,0,0,7,8,0,0,0,0,0,0,0,0,1,1,0,0,0,0,0,0,0,0,1,0,0,0,9,9,18,0,0,9,9,18,,,0,,12,11,23,23,,0,1,0,0,3,0,0,3,3,0,0
,,,13,JAN ," 1,453 "," 1,494 "," 2,947 ", 450 , 449 , 899 , 222 , 279 , 501 ," 4,347 ", 101 , - , 108 , - , 101 , 108 , 209 ,7.09, 28 , - , 32 , - , 28 , 32 , 60 ,6.67, 25 , - , 22 , - , 25 , 22 , 47 ,9.38, 107 , 7.64 , 53 , 54 , 107 , 60 , 7.64 , 105 , 98.13 , 2 , 2 ,, - ,, - ,, - , - , - , - , - , - , - , 24 , 28 , - , - , - , - , - , - , - , - , 2 , 5 , - , - , - , - , - , - , - , 1 , 1 , 2 , - , - , 27 , 36 , 63 , - , - , 27 , 36 , 63 , - , - , - , - , 53 , 54 , 107 , 107 , - , - , 6 , - , - , 13 , - , - , 13 , 13 , - , - 
,Pantoloan,Pantoloan,2,JAN , 513 , 513 ," 1,026 ", 153 , 160 , 313 , 68 , 94 , 162 ,"1,501",15,,21,,15,21,36,3.51,10,,16,,10,16,26,8.31,8,,16,,8,16,24,14.81,50, 10.53 ,18,32,50,26, 10.53 ,50, 100.00 ,,0,,0,,0,,0,0,0,0,1,0,0,8,11,0,0,0,0,0,0,1,3,1,6,3,5,0,0,0,0,1,2,0,1,0,0,14,29,43,0,0,14,29,43,,,0,3,16,,,2,,,1,0,0,2,0,0,2,2,0,1
,,Pantoloan Boya,4,JAN , 343 , 298 , 641 , 96 , 106 , 202 , 47 , 60 , 107 ,950,10,,17,,10,17,27,4.21,6,,12,,6,12,18,8.91,5,,8,,5,8,13,12.15,31, 10.03 ,11,20,31,18, 10.03 ,31, 100.00 ,,0,,0,,0,,0,0,0,1,1,0,0,5,10,0,0,0,0,0,0,1,1,1,4,2,3,0,0,0,0,1,3,0,1,0,0,11,23,34,0,0,11,23,34,,,0,2,11,,,4,,,1,0,0,4,0,0,4,4,0,1
,,Baiya,2,JAN , 497 , 491 , 988 , 144 , 131 , 275 , 60 , 77 , 137 ,"1,400",16,,24,,16,24,40,4.05,11,,18,,11,18,29,10.55,8,,14,,8,14,22,16.06,51, 12.38 ,19,32,51,29, 12.38 ,51, 100.00 ,,0,,0,,0,,0,0,0,0,1,0,0,8,13,0,0,0,0,0,0,1,4,1,6,2,6,0,0,0,0,1,4,0,1,0,0,13,35,48,0,0,13,35,48,,,0,4,15,,,2,,,1,0,0,2,0,0,2,2,0,1
,,,8,JAN ," 1,353 "," 1,302 "," 2,655 ", 393 , 397 , 790 , 175 , 231 , 406 ," 3,851 ", 41 , - , 62 , - , 41 , 62 , 103 ,3.88, 27 , - , 46 , - , 27 , 46 , 73 ,9.24, 21 , - , 38 , - , 21 , 38 , 59 ,14.53, 132 , 11.04 , 48 , 84 , 132 , 73 , 11.04 , 132 , 100.00 , - , - ,, - ,, - ,, - , - , - , 1 , 3 , - , - , 21 , 34 , - , - , - , - ,,, 3 , 8 , 3 , 16 , 7 , 14 , - , - , - , - , 3 , 9 , - , 3 , - , - , 38 , 87 , 125 , - , - , 38 , 87 , 125 , - , - , - , 9 , 42 , - , - , 8 , - , - , 3 , - , - , 8 , - , - , 8 , 8 , - , 3 
,Nosarara,Tawanjuka,3,JAN , 464 , 498 , 962 , 143 , 158 , 301 , 68 , 82 , 150 ,"1,413",7,,31,,7,31,38,3.95,10,,33,,10,33,43,14.29,2,,10,,2,10,12,8.00,55, 12.20 ,12,43,55,43, 12.20 ,53, 96.36 ,2,3.6,,0,,0,,0,,,,,,,0,4,,,,,,,,,1,3,,,,,,,3,6,1,,,,5,13,18,,,,,0,,,0,,,,,,,,,,,,,,0,,,
,,Palupi,4,JAN , 958 ," 1,132 "," 2,090 ", 334 , 256 , 590 , 83 , 111 , 194 ,"2,874",21,,47,,21,47,68,3.25,25,,51,,25,51,76,12.88,5,,26,,5,26,31,15.98,107, 13.65 ,30,77,107,76, 13.65 ,104, 97.20 ,3,2.8,,0,,0,,0,,,,,,,5,6,,,,,,,,,4,6,,,,,,,4,5,,2,,,13,19,32,,,,,0,,,0,,,,,,,,,,,,,,0,,,
,,Pengawu,6,JAN , 766 , 779 ," 1,545 ", 218 , 261 , 479 , 75 , 107 , 182 ,"2,206",49,,84,,49,84,133,8.61,33,,59,,33,59,92,19.21,16,,14,,16,14,30,16.48,122, 18.46 ,49,73,122,92, 18.46 ,120, 98.36 ,2,1.6,,0,,0,,0,,,,,,,14,15,,,,,,,,,0,11,,,,,,,5,8,,1,,,19,35,54,,,,,0,,,0,,,,,,,,,,,,,,0,,,
,,,13,JAN ," 2,188 "," 2,409 "," 4,597 ", 695 , 675 ," 1,370 ", 226 , 300 , 526 ," 6,493 ", 77 , - , 162 , - , 77 , 162 , 239 ,5.20, 68 , - , 143 , - , 68 , 143 , 211 ,15.40, 23 , - , 50 , - , 23 , 50 , 73 ,13.88, 284 , 14.98 , 91 , 193 , 284 , 211 , 14.98 , 277 , 97.54 , 7 , 2.5 ,, - ,, - ,, - , - , - , - , - , - , - , 19 , 25 , - , - , - , - ,,, - , - , 5 , 20 , - , - , - , - , - , - , 12 , 19 , 1 , 3 , - , - , 37 , 67 , 104 , - , - , - , - , - , - , - , - , - , - , - , - , - , - , - , - , - , - , - , - , - , - , - , - , - 
Total,,,154,,"32,948","34,650","67,598","10,663","11,564","22,227","4,508","5,683","10,191","100,016","1,225",0,"1,702",0,"1,225","1,702","2,927",4.33,813,0,"1,134",0,813,"1,134","1,947",8.76,470,0,658,0,470,658,"1,128",11.07,"3,075", 9.49 ,"1,283","1,792","3,075","1,947", 9.49 ,"3,029",99,46, 1.5 ,0,0,0,0,0,0,0,1,66,204,20,34,332,488,22,30,0,0,,,98,115,117,284,69,77,0,0,11,30,102,151,61,72,64,82,962,"1,568","2,530",7,57,645,"1,042","1,687",239,199,438,72,"1,976",100,"1,169",286,1,18,34,3,19,68,0,0,87,99,15,43
